<ImportExportXml xmlns:xsi="http://www.w3.org/2001/XMLSchema-instance">
  <Entities></Entities>
  <Roles></Roles>
  <Workflows>
    <Workflow WorkflowId="{d7c6e4f1-0bad-eb11-8236-000d3a1c657e}" Name="InvoiceProcessing">
      <JsonFileName>/Workflows/InvoiceProcessing-D7C6E4F1-0BAD-EB11-8236-000D3A1C657E.json</JsonFileName>
      <Type>1</Type>
      <Subprocess>0</Subprocess>
      <Category>5</Category>
      <Mode>0</Mode>
      <Scope>4</Scope>
      <OnDemand>0</OnDemand>
      <TriggerOnCreate>0</TriggerOnCreate>
      <TriggerOnDelete>0</TriggerOnDelete>
      <AsyncAutodelete>0</AsyncAutodelete>
      <SyncWorkflowLogOnFailure>0</SyncWorkflowLogOnFailure>
      <StateCode>1</StateCode>
      <StatusCode>2</StatusCode>
      <RunAs>1</RunAs>
      <IsTransacted>1</IsTransacted>
      <IntroducedVersion>1.0.0.0</IntroducedVersion>
      <IsCustomizable>1</IsCustomizable>
      <IsCustomProcessingStepAllowedForOtherPublishers>1</IsCustomProcessingStepAllowedForOtherPublishers>
      <PrimaryEntity>none</PrimaryEntity>
      <LocalizedNames>
        <LocalizedName languagecode="1033" description="InvoiceProcessing" />
      </LocalizedNames>
    </Workflow>
  </Workflows>
  <FieldSecurityProfiles></FieldSecurityProfiles>
  <Templates />
  <EntityMaps />
  <EntityRelationships />
  <OrganizationSettings />
  <optionsets />
  <CustomControls />
  <EntityDataProviders />
  <CanvasApps>
    <CanvasApp>
      <Name>dev_invoicereview_8e9ad</Name>
      <AppVersion>2021-05-21T14:30:39Z</AppVersion>
      <Status>Ready</Status>
      <CreatedByClientVersion>3.21044.25.0</CreatedByClientVersion>
      <MinClientVersion>3.21044.25.0</MinClientVersion>
      <Tags>{"primaryDeviceWidth":"1366","primaryDeviceHeight":"768","sienaVersion":"02e80266-f91a-4d31-bf2f-dc9b1440b281","deviceCapabilities":"","supportsPortrait":"false","supportsLandscape":"true","primaryFormFactor":"Tablet","publisherVersion":"3.21044.25","minimumRequiredApiVersion":"2.2.0","hasComponent":"false","hasUnlockedComponent":"false","isUnifiedRootApp":"false"}</Tags>
      <IsCdsUpgraded>0</IsCdsUpgraded>
      <GalleryItemId xsi:nil="true"></GalleryItemId>
      <BackgroundColor>rgba(0, 176, 240, 1)</BackgroundColor>
      <DisplayName>InvoiceReview</DisplayName>
      <Description xsi:nil="true"></Description>
      <CommitMessage xsi:nil="true"></CommitMessage>
      <Publisher></Publisher>
      <AuthorizationReferences>[]</AuthorizationReferences>
      <ConnectionReferences>{"b34eaa3a-8ff8-49c2-9104-e2b97fa3514e":{"id":"/providers/microsoft.powerapps/apis/shared_sharepointonline","displayName":"SharePoint","iconUri":"https://connectoricons-prod.azureedge.net/releases/v1.0.1472/1.0.1472.2427/sharepointonline/icon.png","dataSources":["InvoiceLineItems","Invoices"],"dependencies":[],"dependents":["00551422-4830-4cdc-82f8-5fc8085eacf8"],"parameterHints":{},"isOnPremiseConnection":false,"bypassConsent":false,"dataSets":{"https://pucelikdemo.sharepoint.com/sites/Accounting":{"dataSources":{"InvoiceLineItems":{"tableName":"abafb512-bbb1-4cb6-ae20-6e37ce7ee002"},"Invoices":{"tableName":"7f5c2a16-9d0b-49f4-937a-d29f1cd22aec"}}}},"apiTier":"Standard"},"69129728-7c30-4c68-b19d-1b0121a3df2a":{"id":"/providers/microsoft.powerapps/apis/shared_office365users","displayName":"Office 365 Users","iconUri":"https://connectoricons-prod.azureedge.net/releases/v1.0.1472/1.0.1472.2427/office365users/icon.png","dataSources":["Office365Users"],"dependencies":[],"dependents":[],"parameterHints":{},"isOnPremiseConnection":false,"bypassConsent":false,"dataSets":{},"apiTier":"Standard","actions":["SearchUser"]},"00551422-4830-4cdc-82f8-5fc8085eacf8":{"id":"/providers/microsoft.powerapps/apis/shared_logicflows","displayName":"Logic flows","iconUri":"https://connectoricons-prod.azureedge.net/releases/v1.0.1438/1.0.1438.2324/logicflows/icon.png","dataSources":["ClickPowerAppsbuttontostartapprovalofSharePointitemsandsendemail"],"dependencies":["2fe4b32f-9fbd-412e-aeb1-485cf873ccf5","bd6228cf-f806-42c5-bcaa-2a7edfca0578","b34eaa3a-8ff8-49c2-9104-e2b97fa3514e"],"dependents":[],"parameterHints":{"workflowName":{"value":"55e70b0a-e3dd-491f-8ebe-55ad34e2e680"},"2fe4b32f-9fbd-412e-aeb1-485cf873ccf5":{"value":"shared_approvals"},"bd6228cf-f806-42c5-bcaa-2a7edfca0578":{"value":"shared_office365"},"b34eaa3a-8ff8-49c2-9104-e2b97fa3514e":{"value":"shared_sharepointonline"}},"isOnPremiseConnection":false,"bypassConsent":false,"dataSets":{},"apiTier":"Standard","actions":["Run"]},"2fe4b32f-9fbd-412e-aeb1-485cf873ccf5":{"id":"/providers/microsoft.powerapps/apis/shared_approvals","displayName":"Approvals","iconUri":"https://connectoricons-prod.azureedge.net/releases/v1.0.1444/1.0.1444.2347/approvals/icon.png","dataSources":[],"dependencies":[],"dependents":["00551422-4830-4cdc-82f8-5fc8085eacf8"],"parameterHints":{},"isOnPremiseConnection":false,"bypassConsent":false,"dataSets":{},"apiTier":"Standard"},"bd6228cf-f806-42c5-bcaa-2a7edfca0578":{"id":"/providers/microsoft.powerapps/apis/shared_office365","displayName":"Office 365 Outlook","iconUri":"https://connectoricons-prod.azureedge.net/releases/v1.0.1471/1.0.1471.2427/office365/icon.png","dataSources":[],"dependencies":[],"dependents":["00551422-4830-4cdc-82f8-5fc8085eacf8"],"parameterHints":{},"isOnPremiseConnection":false,"bypassConsent":false,"dataSets":{},"apiTier":"Standard"}}</ConnectionReferences>
      <DatabaseReferences>{}</DatabaseReferences>
      <AppComponents>[]</AppComponents>
      <AppComponentDependencies>[]</AppComponentDependencies>
      <CanvasAppType>0</CanvasAppType>
      <BypassConsent>0</BypassConsent>
      <AdminControlBypassConsent>0</AdminControlBypassConsent>
      <EmbeddedApp xsi:nil="true"></EmbeddedApp>
      <IntroducedVersion>1.0</IntroducedVersion>
      <CdsDependencies>{"cdsdependencies":[]}</CdsDependencies>
      <IsCustomizable>1</IsCustomizable>
      <BackgroundImageUri>/CanvasApps/dev_invoicereview_8e9ad_BackgroundImageUri</BackgroundImageUri>
      <DocumentUri>/CanvasApps/dev_invoicereview_8e9ad_DocumentUri.msapp</DocumentUri>
    </CanvasApp>
  </CanvasApps>
  <Languages>
    <Language>1033</Language>
  </Languages>
</ImportExportXml>